steamid,num_games_owned,playtime_forever
76561199109113170,22,4240
76561199158349482,9,2813
76561198861357138,12,13572
76561198026061904,126,422
76561199505731761,1,9842
76561199203491205,22,6800
76561198880726043,49,26941
76561199370398718,6,2197
76561198287398769,947,836
76561199065591542,159,3084
76561198347958344,16,7794
76561198052220240,90,15156
76561198166410830,32,957
76561199475042309,4,387
76561198898391773,18,9848
76561199093280115,11,9625
76561199247512074,12,308
76561199232721706,17,1524
76561199105578615,7,4745
76561198148262420,61,35875
76561198298243674,38,914
76561199387521204,3,2368
76561198843481609,12,17219
76561199388624149,11,637
76561198354243342,50,16334
76561199216299418,3,1193
76561198081125015,33,49856
76561199133920380,10,20094
76561198314407972,126,28770
76561199215851174,93,7806
76561198972430841,26,9159
76561199357351848,10,1225
76561198940732746,9,2142
76561199200307237,26,5183
76561199144881664,5,5857
76561198076684340,24,260
76561198031916393,337,5159
76561198402765962,106,648
76561198816763928,33,27264
76561199381716548,18,1333
76561199395411943,11,379
76561199071876340,60,19281
76561199263545176,33,1120
76561198895655690,23,13944
76561198287681743,44,65660
76561198351693177,21,295
76561198886193360,44,10695
76561199135246759,3,4093
76561197976792750,120,2560
76561199163454648,1,1091
76561198813187954,43,75335
76561199013166024,6,1947
76561199141610858,15,1700
76561199185686466,5,1936
76561198878077790,16,4173
76561199018224417,1,1193
76561199178905761,15,4538
76561199103477062,2,4323
76561198152594421,61,22142
76561199235279964,30,1351
76561198004511023,142,82703
76561199439155485,26,543
76561199124516674,4,3853
76561199471347857,1,694
76561198046042354,199,2645
76561199415987650,5,3675
76561199082902621,16,447
76561199033426869,14,954
76561199070319291,23,2567
76561198870072189,71,1401
76561198203221293,76,57105
76561199436849969,59,3700
76561197977604625,151,12715
76561199300980052,44,9706
76561199309877861,7,657
76561199197774956,9,10845
76561198347175223,100,425
76561199086579249,6,50387
76561198028086622,112,34445
76561198813359432,15,13711
76561198401182232,30,6957
76561198260719299,23,7795
76561199413299125,18,703
76561198180004493,95,13639
76561198421828843,39,39090
76561199253334159,26,18349
76561199526342419,4,909
76561199504570869,4,4869
76561197987265431,53,18941
76561199060624072,16,5119
76561198874809698,47,11911
76561199468763388,38,4951
76561199069336020,20,3600
76561199142434745,26,11888
76561198163476771,87,702
76561198073463190,20,206
76561199498270006,37,3433
76561199098846226,7,4838
76561199012674226,14,6527
76561198353118741,14,15989
76561199232487768,1,5330
76561198332230818,9,5767
76561199383009815,6,1493
76561199225625499,1,14784
76561199513941513,2,4103
76561198966012736,63,227
76561199100231775,7,865
76561199189036982,47,23444
76561199183581790,9,1786
76561198413224890,14,8890
76561199376175413,9,16097
76561199201367826,10,6158
76561199455300196,10,4198
76561198800025729,19,5622
76561199156023287,39,2019
76561199180845399,18,822
76561199145729888,22,1905
76561199200293542,117,29137
76561199463994724,6,4262
76561198243796752,397,49355
76561198132110525,121,14968
76561198138946946,56,32946
76561198328572243,15,57861
76561198398243583,161,12279
76561199044308889,9,4721
76561199054241118,4,5837
76561199160992392,1,4219
76561198976382400,14,645
76561199126134729,86,1122
76561199078269628,56,1000
76561199143954372,124,28228
76561199235337601,8,3477
76561198422939632,26,8599
76561199484365856,14,4210
76561199089895329,33,1189
76561199059020187,9,2436
76561199085884349,82,9047
76561199405870753,7,4473
76561199222783356,32,7145
76561198835728561,13,1875
76561199183832141,1,508
76561198202851047,240,14253
76561199030368063,45,1062
76561199107869527,21,1009
76561198820982670,34,68737
76561198088662854,283,24256
76561198994895231,163,3346
76561199201762750,13,1343
76561199131459801,10,4347
76561199276263296,13,1598
76561198393839002,62,9622
76561199217422088,6,1723
76561199089262005,63,16288
76561199130602862,29,6409
76561198443727447,30,80081
76561199088850797,55,19305
76561198821120942,6,469
76561198128869371,7,678
76561199126295595,3,3430
76561198392457242,10,2518
76561199216432930,11,4165
76561199265785964,21,5528
76561199176544105,29,9299
76561199014989702,77,183
76561198998476548,6,19227
76561198194988274,73,41074
76561198369926564,71,29376
76561198836150297,246,17136
76561199479660214,4,10605
76561199095888972,39,9114
76561198305448392,38,7003
76561199104382052,18,429
76561199074346554,29,25780
76561199192159996,12,10638
76561198878971520,35,16151
76561198102769605,57,23299
76561199404827931,5,548
76561199085757174,25,1907
76561199550242714,5,2313
76561199061479799,23,28260
76561198814063353,57,13613
76561198028679392,75,4182
76561198193713247,74,14170
76561199323031992,38,15171
76561198830405183,8,20188
76561199289242985,10,639
76561199131514650,29,19244
76561199522273496,8,4046
76561198007241529,427,1073
76561199523651968,2,297
76561198168728832,60,3987
76561199047008243,53,1519
76561198303080182,153,90921
76561199402900440,2,435
76561199216497677,16,4486
76561199011233578,46,8520
76561199492452073,1,1238
76561199416067446,101,1507
76561199496509937,9,4322
76561198447394263,12,4737
76561199488928685,4,2176
76561198977455256,5,8589
76561198832967746,101,3163
76561199017728990,9,130029
76561199520582776,1,1572
76561199218757188,12,9924
76561199016340434,2,7623
76561198166454154,22,43993
76561199071975950,104,10149
76561199139223725,4,429
76561199489465857,15,4538
76561199119124038,21,943
76561198303132683,73,464
76561199184875053,11,1879
76561199246558832,3,3046
76561199024230344,7,6525
76561198299673250,244,4193
76561198887494370,38,6765
76561198205333789,335,79311
76561198975552513,2,4759
76561199446926626,15,25039
76561198979892127,37,9762
76561199122423473,28,4929
76561199101641873,67,7266
76561199179237259,45,957
76561198051722272,48,56162
76561199134457914,5,1013
76561199223272977,1,479
76561198237793484,87,3053
76561199229140799,23,1964
76561199064520793,15,3326
76561199205242654,9,3398
76561199013867623,40,4178
76561199424888475,93,4943
76561198204360553,91,25052
76561199052836043,16,7960
76561198879186278,32,2533
76561198879653446,42,7538
76561199248405773,33,35867
76561198886135971,11,1418
76561199452366660,19,221
76561198840668491,7,50052
76561199389717306,13,2444
76561198832749861,49,5646
76561198820763881,2,1278
76561199147655584,5,1162
76561199123545921,4,903
76561199083776223,1,2242
76561199069749464,31,1881
76561199152387349,11,2112
76561199182248555,14,3711
76561198326332962,49,47971
76561199251101764,1,33053
76561199222767070,1,491
76561199353277744,2,377
76561198364109928,53,6073
76561199196508578,20,10400
76561199524581339,1,3426
76561198260269056,47,7396
76561199401428539,28,1489
76561198967241491,15,3112
76561199375981819,42,4585
76561199003781042,26,10599
76561198965501910,19,3155
76561199111108155,7,1229
76561197984430372,468,26985
76561198272087866,384,2710
76561198354261081,27,58742
76561199520266623,10,1441
76561198449735864,25,48491
76561199089000636,38,3129
76561199070768458,94,4202
76561198943276235,23,722
76561198866744422,9,2132
76561199110900207,61,4879
76561198134214879,61,4388
76561198113017858,269,15717
76561198065356816,153,5267
76561198333375074,149,335
76561199055869155,20,18091
76561199365821152,3,1184
76561198074874470,969,6046
76561199176603733,4,2033
76561198351993003,27,1716
76561199079427566,8,1220
76561198047534313,21,1795
76561198281862646,104,6431
76561199221104410,14,1119
76561198994158144,5,17647
76561198967780599,98,50905
76561198355262593,16,12091
76561199550119094,35,11672
76561199133426965,29,2033
76561199082351485,10,2307
76561198033429940,77,3256
76561199166915163,6,15179
76561198384211417,16,13991
76561198264232069,119,22496
76561199080301535,37,53539
76561198102888621,260,53290
76561198992720241,32,3230
76561199402876936,18,5783
76561199231184801,28,2340
76561199121609019,23,8416
76561198448648511,39,9718
76561198329756359,46,306
76561198095276501,49,4125
76561199207941130,18,28924
76561199190273316,0,3798
76561199076231456,10,30224
76561199134325181,4,5986
76561198072024886,237,42078
76561198262918172,29,19339
76561198848731102,7,568
76561198153297302,116,8077
76561199229744332,25,21773
76561199076113264,22,3933
76561199095663103,3,35685
76561198078083130,154,6737
76561199486747507,5,2839
76561199114509726,20,5008
76561199097666318,19,33974
76561199143683019,43,22991
76561198971954089,35,526
76561198117712067,190,49813
76561199375658184,6,977
76561198308702618,5,18432
76561199080863631,36,3354
76561199235283364,5,1611
76561198941450501,26,11818
76561198063472516,165,2583
76561198338169446,17,3100
76561199135160027,34,2693
76561199514348115,9,5691
76561198334150933,35,968
76561198875393358,10,9271
76561199048520474,17,20962
76561199081155575,4,2480
76561198267496240,29,3926
76561198033907373,136,7719
76561199023717604,42,3257
76561198205332212,200,24734
76561198324491618,142,3397
76561199123020786,10,697
76561198802435063,10,71378
76561198972791671,15,45709
76561198919831312,11,232
76561198106884952,76,2006
76561199445250078,15,3524
76561199225262138,4,3233
76561199091703078,15,5118
76561198185094241,149,59716
76561199390536636,1,554
76561199186538110,6,60520
76561199506373275,14,3311
76561199232442700,9,8774
76561199011043859,88,3308
76561199222310452,16,5096
76561199134623415,29,3276
76561199440667340,6,4713
76561198204591911,337,21697
76561199179815910,32,536
76561199446622877,3,7075
76561199429480861,224,2827
76561198049427860,11,7641
76561199097460546,14,2557
76561199218119032,5,6531
76561198924857798,41,19064
76561199206002040,41,4749
76561199087338998,17,9427
76561199446562204,6,2566
76561199001337658,10,6263
76561198870689411,85,1772
76561199529682961,2,4694
76561199105268581,1,1870
76561199159908152,50,4387
76561199119116382,14,3134
76561198890342219,79,3230
76561199387858528,13,5015
76561199101158194,26,516
76561198132915888,781,14199
76561199019790480,36,5585
76561199168002085,54,10829
76561199014795431,42,1916
76561199518546650,2,8309
76561198399969010,85,6294
76561198428623421,21,7386
76561199158558381,82,30938
76561198258033726,12,12972
76561198285051161,38,60349
76561198971094412,6,10726
76561198138089035,80,7233
76561199052518942,18,3824
76561199165864030,11,300
76561198982497940,34,17211
76561198230302484,20,8303
76561199234817058,29,4044
76561199106304728,12,8344
76561198799403353,107,4045
76561199234027781,12,2650
76561199054122392,52,10419
76561198353259666,55,1047
76561198969236537,11,1997
76561199071397290,7,2129
76561199072372868,9,5955
76561198799734305,18,8944
76561199421255218,1,211485
76561199055147516,4,4652
76561199493039631,7,723
76561198415294008,14,21175
76561199186426296,23,35756
76561198389797541,10,10
76561199237630541,3,671
76561199161037242,31,811
76561199002941538,12,14500
76561198284893123,54,264595
76561198071321756,43,4683
76561199228338589,15,7751
76561199088448302,14,219
76561199509269518,12,12
76561199069704831,1,6165
76561198877907330,5,496
76561199138261747,32,6475
76561198355279870,248,39147
76561199281660543,1,1522
76561199195487244,21,1276
76561198358129351,31,12672
76561199238425933,33,4139
76561199116319126,57,882
76561199446526974,1,2908
76561199314382158,7,3658
76561198141010339,76,29386
76561199003121108,24,3819
76561198290826962,53,20344
76561198891777801,141,549
76561198995547995,99,27285
76561198847078983,30,1922
76561199558218412,1,3269
76561198372780011,70,1246
76561199203150287,21,5068
76561199001741769,47,2220
76561199221589550,21,5139
76561199365851599,3,3379
76561198006998208,5,804
76561199115968768,0,9392
76561199092578824,51,3713
76561198989153366,13,1436
76561199016332421,17,2284
76561199191712979,8,15949
76561198399821934,61,44786
76561199244821743,23,914
76561198336298047,3,4639
76561199217968116,13,2763
76561198982379202,44,13192
76561198040226079,259,10026
76561199232154262,29,18243
76561199227272504,16,2874
76561198981258000,37,949
76561199438111247,9,3472
76561199003094780,17,10178
76561199247330160,5,1227
76561199237882264,4,1243
76561199168381849,76,9877
76561199190217515,78,501
76561199495794554,3,1328
76561199095735138,7,10003
76561198895908836,18,1124
76561199442541265,8,2570
76561198821599167,73,4197
76561198408293648,4,3434
76561198876688622,11,620
76561199210944267,11,1146
76561198970576225,48,393
76561199205939599,31,16601
76561199071894847,61,3051
76561198347371385,36,586
76561198926010372,34,15326
76561199114882755,45,692
76561197960299031,81,15751
76561199267333536,41,1585
76561198926030524,9,2707
76561199383349157,5,6640
76561199112742073,47,912
76561198824612949,8,16249
76561199238030657,5,1988
76561199054961427,14,2302
76561198200063241,127,328
76561198975749344,27,2955
76561199045188736,10,7386
76561198156384422,331,17741
76561199183232348,23,2030
76561198060327217,19,1720
76561199384070358,10,4912
76561198085276826,372,27375
76561198118764208,211,5342
76561199214284971,5,12655
76561199465301779,3,5755
76561199060607288,10,43148
76561199072799606,12,2344
76561198403312950,100,41625
76561199231220352,9,2170
76561199195564520,1,3949
76561198246593626,25,123
76561199237830280,8,1087
76561199052604511,17,3388
76561199386870339,4,4741
76561199126033347,0,2411
76561199241216114,2,8845
76561198009965591,885,9808
76561198152207216,63,582
76561199242327285,21,5531
76561198867904000,1,4350
76561198266580525,3,4198
76561198207444991,69,12623
76561199170823257,46,613
76561198005762699,115,8930
76561199246010856,4,911
76561199522258667,2,6090
76561199067487337,545,812
76561199436860854,9,4404
76561199499725072,13,13732
76561197984288683,143,2160
76561198125874471,94,42525
76561199075074459,6,5657
76561199172841202,4,220
76561199441589310,24,25754
76561199245615730,26,10664
76561199210797780,0,2407
76561199056665416,1,1341
76561199512344072,8,441
76561199002892556,12,2912
76561198843204412,4,1136
76561198978111447,8,95500
76561199086782199,17,57816
76561199180035859,125,2582
76561198143578719,670,790
76561199138536889,8,12440
76561198818877029,27,450
76561199075880870,61,5906
76561198272861391,40,5557
76561199079273224,7,471
76561199159932921,1,10307
76561198016410479,52,1385
76561198092542997,175,27225
76561198992435037,32,26645
76561199175672923,16,3705
76561199010629631,32,12846
76561199109625764,76,5704
76561199079834543,9,8044
76561199071383019,25,8206
76561198306139686,82,2474
76561198058206565,26,8715
76561198937237312,40,657
76561199060216927,28,5236
76561199393271782,37,4178
76561197991020782,131,71892
76561199123949128,93,573
76561198111309587,51,5478
76561199243139723,39,1472
76561199198532516,3,16538
76561198322464139,190,4199
76561199249054775,41,407
76561198044003042,1,732
76561199278593186,4,503
76561199191469248,9,3427
76561198958993346,20,645
76561198302100663,48,19693
76561199238520298,26,2715
76561197981504756,40,3395
76561199203374120,13,1654
76561199490512274,38,166
76561198358671113,265,54617
76561198114236328,19,12481
76561198846099536,54,1659
76561199244483930,21,5065
76561198387174652,52,2744
76561199122217970,62,1802
76561199082215948,1,4868
76561199237553066,15,1662
76561199143702053,54,7410
76561198995700053,21,612
76561199182633211,19,1439
76561198429793952,187,55756
76561198210215009,16,19527
76561198062762846,37,21589
76561199031156850,52,28337
76561198173958047,75,4690
76561198443388195,185,24528
76561199260907677,23,1480
76561198160671822,4,481
76561198870226898,13,18412
76561198051649548,125,6774
76561199012000185,122,16324
76561199379982412,1938,1726
76561199442674548,6,13466
76561198101023397,140,1084
76561198840839008,9,1269
76561199148681319,7,2837
76561199065103200,42,5522
76561199177082600,62,1404
76561199214801613,6,721
76561198413839133,90,28192
76561198371975069,40,543
76561198262029003,7,18589
76561199004663339,11,826
76561198828570681,92,2342
76561198084794621,64,21877
76561199071798633,38,10742
76561199155450485,19,7871
76561199242829990,2,31498
76561198812579488,39,41361
76561199386338842,13,1126
76561199001078345,65,2282
76561198864957888,41,3281
76561198085902859,61,4828
76561199199983653,43,3233
76561199048374870,10,2780
76561198894808611,119,3290
76561198843726680,59,2447
76561199230956102,10,12421
76561198176709837,85,98767
76561198800795227,48,9607
76561199112923068,7,2296
76561199175562199,10,6122
76561199091331968,4,5612
76561199180313731,48,14304
76561197968644006,92,1002
76561198048141038,118,294
76561198834948592,64,3624
76561199559291768,2,69
76561199514680411,13,407
76561198045343491,380,13858
76561199093937325,25,9551
76561199161855438,3,7841
76561199132590186,38,21286
76561198853015560,61,3083
76561198841809227,19,25987
76561199546114920,1,2422
76561199418241516,30,14036
76561199103390480,7,1682
76561199090109206,7,938
76561199104226405,18,1940
76561199112726832,97,30007
76561199157096913,35,6102
76561198148509472,114,372
76561199198353151,18,2154
76561199216754201,14,3282
76561198957651042,9,2476
76561199043116200,21,7320
76561199242349582,27,4868
76561199076712753,40,4611
76561199365501397,4,2086
76561199351389499,4,4067
76561199524373084,74,4438
76561198172822230,68,4350
76561198881376444,20,29179
76561199117352416,6,4335
76561199069590515,20,21862
76561199198201809,6,1811
76561199140058249,13,12099
76561198305722028,208,30583
76561198834900220,132,11055
76561198197909009,174,9683
76561198968717212,35,947
76561199320553119,14,5057
76561199128576491,17,1833
76561199108979085,65,698
76561198067755671,182,19753
76561198179723801,93,10268
76561199406917422,46,2075
76561199465910987,31,2001
76561198913423572,7,1147
76561198325156787,21,3183
76561198866189183,73,5251
76561197962146379,241,5306
76561199169265087,39,4743
76561199117883784,42,6491
76561198163112415,109,12976
76561199047664538,20,1567
76561199543567913,4,1649
76561198322514897,110,662
76561198079620511,63,26322
76561199200316554,17,19896
76561199542775580,0,1179
76561199183102965,100,6188
76561199067620176,118,23588
76561199487519899,8,3932
76561199073098644,60,33055
76561199492013608,1,1519
76561199348879747,258,3014
76561198401918557,22,3414
76561198980709785,22,1586
76561198073872603,230,38329
76561198039001751,408,5808
76561198799297914,19,8700
76561199122383677,15,909
76561198386483069,11,16784
76561198986201242,34,1650
76561198141271874,115,61207
76561199230169094,7,9544
76561199196076225,20,5813
76561198958013706,8,3266
76561199415223035,30,882
76561199469021038,0,3241
76561199380754601,6,150
76561198875446887,20,1095
76561199151373644,13,25133
76561199236308956,6,8308
76561198337315008,45,1429
76561198286801084,128,34260
76561199287105515,10,8712
76561199270148090,18,29030
76561199334573896,28,2314
76561199390397906,34,4551
76561198389230659,98,2559
76561199212851386,6,14483
76561199096597700,67,2879
76561198372816267,729,399
76561198874127806,75,45861
76561199223672439,4,207
76561199553028058,1,5413
76561199182222475,21,8226
76561197996227617,1075,3726
76561199234337916,10,9056
76561198917906872,4,13071
76561199195652709,10,2279
76561199437680005,10,920
76561199164190903,44,1766
76561199129932780,6,17410
76561199093491847,0,585
76561199092570898,7,11701
76561199403512871,1,905
76561198306442237,11,2212
76561199382649281,3,13971
76561199078370972,92,1264
76561199208263884,16,2831
76561199072636504,5,4216
76561199221837376,22,12737
76561197972497870,19,9728
76561198166517064,256,34205
76561199443486792,3,3172
76561198307731640,27,4125
76561199421201425,19,2341
76561198841916508,19,45557
76561197967049865,126,2820
76561198133734494,121,1465
76561199388447813,24,2324
76561199241174962,2,39477
76561199433948227,26,3935
76561198218304867,26,4931
76561198985888687,50,914
76561198410636351,42,16050
76561199229540696,18,9568
76561198870563269,36,22929
76561199274032907,4,930
76561199382046721,3,2901
76561199180833487,22,11879
76561199495524579,2,4175
76561199062895403,13,2112
76561199241213703,4,3843
76561199227597358,17,107
76561199242760962,9,5813
76561199432661721,12,7938
76561199385498069,6,5570
76561199189428876,27,10770
76561198993133618,36,3693
76561199083767989,20,21729
76561199475812558,1,2857
76561199158349904,27,19516
76561199071007543,10,1234
76561198149265795,161,33623
76561199012733863,18,783
76561198241769606,31,2565
76561198861683267,158,9300
76561198651737325,9,5262
76561199376752816,7,17259
76561199256925693,1,587
76561198403968630,53,21823
76561199487239332,6,887
76561199217922432,3,496
76561199231126671,2,22571
76561198258566692,25,10694
76561198095999161,76,7069
76561199023962292,23,18706
76561199146973280,2,4072
76561199542546936,3,5908
76561199390791840,1,3813
76561199053907078,30,15317
76561199121477476,64,45990
76561199502709735,28,834
76561199167326323,11,7693
76561199229287187,11,12025
76561198811528971,261,12774
76561199439892306,8,599
76561199405221023,38,425
76561199072019215,7,8914
76561199261528256,6,11241
76561198361969548,66,22689
76561199278146214,6,3904
76561199217989777,28,56596
76561199230380337,20,34206
76561199386437442,9,12127
76561199321669558,17,1436
76561199127213564,4,1792
76561198940040046,49,12189
76561198103325079,96,8001
76561198994972108,36,8813
76561199435624224,11,7477
76561198858182051,20,457
76561199511348630,1,14813
76561198202331455,19,69651
76561198242057846,53,22925
76561198272020604,129,41993
76561199000551281,18,16181
76561198943554725,31,1813
76561199386364313,4,3012
76561199004004330,57,50106
76561199306110960,14,2932
76561198079734836,299,10276
76561199092379176,9,2438
76561199038005391,34,5384
76561198862519932,76,1290
76561199127978144,39,8713
76561199061943586,15,1113
76561199113752186,16,989
76561198404500546,13,43961
76561199283962198,45,1978
76561198398766471,13,1660
76561197961154310,149,3432
76561199160861685,2,964
76561198058888295,379,75
76561199083800524,20,13707
76561199120015515,5,1701
76561199058154735,14,1495
76561199068478333,19,10320
76561199550011287,8,1351
76561199013847794,39,2090
76561198156058848,63,128
76561199083581011,160,29260
76561199263263883,3,13491
76561199045054104,16,1448
76561198117960892,246,24738
76561199187019149,5,7064
76561199145474240,11,3924
76561198333825692,64,17061
76561199134186009,46,12543
76561199016779537,8,801
76561198970663197,10,11459
76561198926538721,17,2713
76561199059555212,25,520
76561199304853490,3,18379
76561199159731418,20,6979
76561198950677047,96,1913
76561199213505892,11,14309
76561199229724917,80,4807
76561198801452897,7,232
76561199476419346,10,10584
76561199062381949,7,3432
76561198868311676,46,15351
76561199384924771,50,8381
76561198799152661,13,27327
76561199118935685,101,3417
76561199225847944,53,17725
76561199084790673,20,3494
76561197968689525,87,13070
76561199149858425,9,4243
76561199126201666,8,13146
76561198922942134,8,4172
76561199439830772,7,3758
76561199077989391,100,3435
76561198156071964,88,63187
76561198987975694,20,6369
76561199242363101,9,7725
76561198812859050,129,12733
76561199183159395,53,6262
76561199169885573,43,2014
76561199077226440,96,2809
76561199172718152,29,5616
76561199041934039,174,4185
76561199173175238,15,12588
76561198206764708,78,52258
76561199433473502,77,2296
76561198115535863,137,14802
76561199239196234,15,5165
76561199205964712,33,169
76561198071845945,130,14478
76561198866443782,29,4316
76561199390023912,2,3930
76561198303362394,308,8450
76561199226160976,40,3756
76561198263781274,108,67086
76561198963960477,24,16865
76561198055069378,51,24121
76561199013671396,13,5209
76561199140815732,9,4345
76561198876330341,11,4550
76561199210504605,21,1230
76561199127022179,11,12416
76561198871033045,63,13911
76561199121295315,73,72445
76561199218190643,16,5545
76561199343382751,6,2413
76561198922917365,4,18497
76561199515359202,1,3019
76561198279672923,143,25405
76561199487451120,1,3060
76561198306669909,129,4197
76561198227533140,116,45019
76561199223859683,18,19061
76561199122652305,11,1317
76561199339993441,4,7687
76561197963128037,54,2118
76561199182894392,46,428
76561199260714740,66,8182
76561199160212558,19,4526
76561199002292625,34,125738
76561199124604362,19,4460
76561199230360982,14,5265
76561198797650072,14,32833
76561199422588175,6,1390
76561197962889372,339,2299
76561198934205813,39,11069
76561199232889365,3,3521
76561198880528613,52,25802
76561197971683869,120,9264
76561198810914938,18,2776
76561199090660852,6,531
76561198169179255,73,11530
76561199122124926,15,2957
76561199214035520,9,26768
76561198844368748,39,19506
76561199383047487,4,1250
76561198944929099,27,3418
76561199094201020,50,4142
76561198864308451,113,32585
76561198995280383,53,17450
76561199001460644,32,6896
76561198981712965,20,10087
76561199143383570,64,16747
76561199466835882,1,1643
76561199114198481,12,12167
76561199274552387,27,49369
76561199447603613,55,21656
76561199249746951,35,153298
76561198868732374,16,7339
76561198320387511,17,17077
76561198400446476,34,15678
76561198016225947,71,35138
76561199075893315,20,456
76561199130857369,20,28108
76561199122023010,76,12867
76561198365698868,27,936
76561199168360010,23,3837
76561198153405245,260,21771
76561199184994042,4,1096
76561198073592500,29,343
76561199472261817,32,7024
76561199135309334,15,4335
76561199392873423,42,5899
76561198841787173,87,2772
76561199487590315,10,1188
76561199436064113,7,1778
76561198862061969,55,12267
76561199143972966,4,3686
76561199345539917,50,4101
76561199512151196,1,3136
76561198209111637,118,8337
76561198864489120,53,17421
76561199120653167,13,62876
76561198359875800,35,3569
76561198064798667,39,3884
76561199405156877,16,505
76561199387345227,11,4943
76561198020009867,86,2311
76561198184919195,7,6201
76561199087971885,10,6436
76561199121219076,58,7058
76561199442288254,41,5487
76561199165002620,30,60147
76561199522444428,2,3818
76561199006977570,6,13514
76561198988846404,35,5120
76561199188977189,117,1447
76561199235230836,1,846
76561199121460415,79,7622
76561198997810210,114,5046
76561198960663178,15,1858
76561199387997153,23,2071
76561198227257948,24,47655
76561199072751525,12,4205
76561199172319190,24,3909
76561198423987274,7,9316
76561199143423790,11,7533
76561199558656129,4,901
76561199173105109,10,84592
76561199201559833,1,4639
76561199220396741,13,2186
76561199129789732,30,1870
76561199030612295,56,29597
76561199024582074,222,600
76561198388759893,24,1544
76561198090330582,98,6702
76561198862716398,8,5324
76561199529128654,6,1588
76561198073757422,0,5087
76561198802724110,10,33852
76561199446427330,1,6675
76561199530192892,1,2651
76561199447203014,0,6266
76561199108843382,5,3874
76561198063941528,766,52825
76561199105987580,19,14224
76561198859660822,13,3632
76561198032734766,643,1606
76561198870462734,5,8883
76561199095018610,5,2834
76561199274163560,43,1124
76561199229000161,6,1510
76561198299894404,7,1819
76561198952403159,33,1459
76561199447074157,7,10011
76561198986682391,48,10892
76561198811823963,112,3804
76561198829334191,12,1557
76561198288293170,8,5046
76561199057826011,28,26112
76561199101371529,63,8074
76561198376399845,158,36634
76561199532706516,23,8515
76561198873911976,4,2706
76561199370026359,25,3620
76561198390321910,71,47623
76561198254389705,48,53252
76561198815005412,35,843
76561199407770390,43,790
76561198451528215,96,16940
76561198851653370,10,1897
76561198861749945,12,7025
76561197978409479,202,7667
76561198798757231,51,2810
76561198262901314,18,7697
76561199142523470,51,5891
76561198930932334,7,13893
76561199230505194,12,12695
76561199508580869,7,448
76561199155928771,16,8360
76561198127242939,87,35681
76561199220772834,8,5887
76561199050728223,28,38825
76561198878120348,9,17929
76561198319548030,4,979
76561198886032758,198,15062
76561198418634171,22,9784
76561198979162085,21,5746
76561198884708388,59,593
76561198799158939,47,83253
76561199239207772,4,11558
76561198065555471,75,64039
76561199380076911,3,10562
76561199000665594,17,911
76561198810860882,18,5385
76561199472003431,1,2805
76561199153334137,11,12763
76561199342010186,11,13568
76561199383280029,4,1141
76561199119318483,4,1274
76561198439059019,12,11952
76561199219276976,9,3149
76561199058617866,62,3234
76561199080838846,47,5556
76561198410855659,3,10868
76561199466523948,28,1297
76561199092628170,3,39496
76561198180631001,29,42527
76561198400786955,37,79023
76561199214766360,1,9107
76561198431825233,24,9808
76561198204860572,119,12991
76561198884058231,11,9217
76561197960492350,112,42512
76561199229486638,4,4476
76561199109801149,10,16775
76561198216408277,117,7146
76561199217088903,8,16192
76561199065411641,83,1766
76561199224039338,26,10671
76561198133235920,15,1973
76561199205530453,34,4623
76561198004489691,227,34834
76561198880933257,94,14356
76561198798381449,7,4575
76561198880361397,40,3940
76561199051375548,19,28430
76561199079995256,17,177063
76561199149620634,10,11298
76561198427436196,631,485
76561199465620182,4,434
76561199074002346,96,24397
76561199057349639,22,22081
76561198819447389,90,19100
76561198419794877,16,11712
76561199098720372,150,29406
76561199149443652,1,2018
76561198017254674,533,3331
76561199097239559,29,672
76561199185248772,19,6567
76561199029329748,12,5453
76561199109592848,10,1381
76561199444504495,23,13388
76561199059553393,22,2275
76561198868233966,25,2721
76561198018555919,2482,2647
76561198803439524,16,6682
76561198409927684,33,5963
76561198302593050,51,9619
76561198094143078,21,3039
76561198163389831,51,8235
76561198982534075,29,7615
76561199070827623,37,18643
76561199107916963,4,2912
76561199387827470,26,1335
76561198393855222,25,12529
76561199071017836,13,8632
76561198963131820,8,31302
76561199094120337,21,2485
76561199238503752,382,40398
76561198320223752,102,25054
76561199513889128,5,1880
76561199190149771,4,31567
76561199160496520,15,4908
76561199545902457,8,2254
76561198040844413,191,60420
76561198917225850,229,2612
76561199100080766,32,8096
76561198101315707,185,12545
76561199044372447,75,1557
76561199034882677,20,7069
76561199076470983,18,19936
76561199522230214,2,2111
76561199236790259,6,4583
76561198273963021,55,61232
76561198968007034,26,8705
76561199086889084,513,2136
76561199110093202,65,72289
76561199055424323,18,1782
76561199306439809,248,7016
76561198052477382,45,22872
76561198966709454,34,1251
76561198322518108,306,7754
76561198973885601,17,5704
76561198357569350,74,21842
76561199176762235,86,6347
76561199206604883,10,3754
76561198983027821,15,7006
76561198857712247,19,21857
76561199030838085,17,7954
76561198384412994,18,40357
76561199162443836,1,12699
76561198348518181,90,6165
76561198987207540,14,656
76561198004971418,65,9477
76561198367251077,64,23045
76561198287385065,55,11796
76561199415378764,2,4490
76561199457815058,4,4204
76561199526349828,1,3773
76561199084483883,6,9633
76561198285507996,11,5514
76561198069616763,162,2740
76561199227764329,25,4384
76561198364706359,36,10353
76561198073941771,597,8487
76561198962673310,8,7043
76561198094630559,74,3091
76561199027880559,51,3240
76561198055866030,24,5696
76561198355915974,124,18330
76561199055049475,24,1674
76561198371804305,35,3794
76561199001759002,39,10992
76561199145601608,11,5140
76561198295373969,45,1780
76561198866245548,83,69631
76561199225366444,4,6600
76561198243037692,205,28951
76561199541335124,14,719
76561199417766683,4,1732
76561198818814907,8,2969
76561199226131051,18,2596
76561199178030016,137,491
76561199217237050,37,19345
76561199195801716,24,1833
76561198189880338,34,7675
76561199212751277,65,2645
76561199018358069,13,8165
76561198141241359,74,30047
76561199149136699,7,8375
76561199004588519,7,691
76561199447269716,2,12151
76561199190115079,15,11853
76561198032707597,262,29833
76561199411812324,4,614
76561199200059127,28,5680
76561198211700199,72,3911
76561198165009330,64,3699
76561198931465548,9,57963
76561199478691869,2,2151
76561198078825135,38,79366
76561199207530321,16,17370
76561199244813765,2,7253
76561199200990070,33,1463
76561199260091244,4,4189
76561199086732639,2,4308
76561199115782834,44,2647
76561198079872636,424,34718
76561198267582200,119,210
76561198172581458,27,17793
76561199388414008,8,2381
76561199502096986,8,48672
76561199231200284,36,2433
76561198048646036,2466,5311
76561199174972520,3,2081
76561199158703417,37,5522
76561199055910729,26,5552
76561199059533167,40,2493
76561198994512722,30,2892
76561199394190768,8,7097
76561199439077292,5,1192
76561198132430789,63,26135
76561199211159942,14,6058
76561198384766295,350,10655
76561198958909925,46,27105
76561199039405824,81,1474
76561198350595094,16,28638
76561198442362959,19,206
76561198200310917,29,8624
76561199185322998,10,2083
76561197986545663,77,151305
76561199161711288,9,2320
76561198979152037,35,19334
76561198819655309,42,20745
76561199376497292,11,5865
76561199121203774,21,3839
76561199185030161,36,1450
76561199165009009,8,60964
76561199282801472,48,4023
76561198837861443,57,5115
76561199101577105,14,10514
76561198119604541,104,9247
76561199043534821,46,57170
76561198826515903,20,11484
76561199212550710,4,7998
76561199365698485,12,4865
76561199214755769,20,29286
76561198207946751,76,3567
76561199451271664,9,887
76561199443129806,1,1176
76561198802106132,7,2946
76561198800628748,25,7135
76561199077098097,33,2842
76561199008325664,10,1759
76561198264104943,59,15734
76561199368480118,1,1141
76561199446049450,5,4637
76561199045848013,20,132374
76561198871323975,1,17187
76561199224294834,5,1782
76561199431131652,1,8896
76561199121579168,9,6366
76561199062906472,47,349
76561199071395915,87,197
76561198819272694,29,4772
76561199436644205,13,2375
76561199123458125,33,1192
76561199166916682,25,6305
76561198130408322,59,8858
76561199509564375,1,3422
76561199378575325,2,11092
76561199452008527,7,2570
76561199484139592,13,767
76561199344259522,4,35163
76561198269236462,77,10115
76561198145465415,393,16534
76561199019527614,5,6343
76561199082548680,59,21506
76561198194317567,5950,5775
76561199088724675,4,5018
76561199202464402,11,23586
76561199040518871,19,7793
76561198102132621,250,120422
76561198043955079,756,36110
76561199418217076,8,604
76561199071145646,4,864
76561199036884169,33,10314
76561199229057104,18,7900
76561199413235333,2,1661
76561199213895467,54,1049
76561199123044038,210,40131
76561199095807005,2,38487
76561197983332794,203,5169
76561199234403166,1,11970
76561199142989064,3,4984
76561199019972091,6,3241
76561198144288024,5,7244
76561199125165878,3,12460
76561198374364369,28,5802
76561199218083552,27,13867
76561199117885834,63,189
76561198877724453,4,33476
76561199130957477,8,34876
76561199441830590,2,2747
76561198346830810,28,22701
76561199062235136,8,4867
76561198844750902,183,14945
76561199207934580,12,3574
76561199098351004,5,909
76561199054034722,37,20653
76561199217356672,6,3772
76561198421157046,22,16160
76561198141260548,57,916
76561199005756738,136,1861
76561198366972645,11,9763
76561198922403209,6,2223
76561199258283285,3,103610
76561199230187296,13,2995
76561199131190095,51,13908
76561199018847824,14,10157
76561199478412805,13,6400
76561198878834159,109,2861
76561198852252043,33,10386
76561199190031204,89,685
76561199508467310,4,1528
76561199406742918,13,5282
76561199520571423,13,612
76561199521093985,4,1833
76561198085307238,292,20432
76561198850095273,39,6895
76561199481660826,4,2022
76561198055986454,784,17780
76561199194603372,42,580
76561198086407786,181,47276
76561198282758957,30,5644
76561199006741470,1,1982
76561198843745335,14,26356
76561199013823905,22,11516
76561198395640206,5,459
76561198144643574,104,30588
76561199206847753,18,3219
76561198993626229,8,23052
76561199383759934,6,510
76561198032119136,8,2071
76561199380368453,2,16990
76561199130083213,15,7881
76561199076055674,5,14776
76561197972470091,32,28186
76561199077257477,27,11908
76561199031394352,39,3948
76561199242348094,29,107
76561199454450302,14,2013
76561197961923588,141,14646
76561199403065047,60,6633
76561199153320138,82,8984
76561198202046912,135,31207
76561198422513044,252,53119
76561199169996142,3,1970
76561199238548514,58,27648
76561199169157001,19,2872
76561199130268814,24,40468
76561198268763120,131,143963
76561198298504149,13,3562
76561198115846671,95,2761
76561198363270000,31,1994
76561198087931321,175,701
76561199381090922,7,1659
76561199043231236,3,1346
76561198340467209,43,4182
76561198088846528,18,27138
76561198853718018,82,5512
76561199042727502,13,7253
76561199032367149,22,7459
76561198278265109,75,29004
76561198304743143,33,25486
76561198873272882,20,3436
76561199097728617,8,28416
76561198799096375,31,3085
76561199221993335,12,4114
76561198191148337,25,21652
76561199153578834,105,5321
76561198846982413,37,2490
76561198346534807,218,9503
76561198981738963,30,2248
76561198085400308,105,10045
76561199486115563,8,4400
76561199047873461,23,16498
76561199013450845,123,6103
76561199224506567,29,2883
76561198350584458,57,1304
76561198273862729,129,4387
76561199481787866,11,8005
76561198142477890,80,81334
76561199229691279,15,9361
76561199041940389,87,4012
76561198035449764,612,10227
76561198349426200,23,7677
76561199436329894,19,3254
76561199509304476,1,686
76561198258836644,103,120995
76561198956983117,76,7309
76561199405217199,2,2066
76561199217251486,13,2271
76561198245123486,146,11896
76561198303876729,140,31463
76561198980928870,10,4160
76561199038575752,11,11508
76561199262956857,281,62
76561198165862401,168,62489
76561198992287734,17,1642
76561198098137249,1590,3526
76561199152318285,60,8180
76561198884618869,90,19806
76561199103043606,15,26265
76561198170786089,30,55662
76561197997662673,2350,441
76561199434696337,10,1097
76561198116308873,140,13628
76561199006364963,11,1813
76561198931911903,25,27736
76561198865691144,118,23775
76561198066670873,86,27868
76561198929398757,10,96262
76561199056204425,67,16409
76561197995625910,77,12322
76561198351899377,48,7722
76561199230257594,7,1054
76561199167647248,50,8997
76561198401621875,50,78156
76561198372019997,54,4588
76561198351114708,131,5392
76561199084231087,37,8719
76561198861736996,32,201
76561198344188536,58,32265
76561199176947333,18,1198
76561199308593579,30,5278
76561198185730070,167,27732
76561198435584611,129,5744
76561199097376549,24,19873
76561199190520379,1,1196
76561199261639233,13,13845
76561199237399429,4,3942
76561199370771314,7,14126
76561198270944070,29,16150
76561197960967170,908,4117
76561198342419167,27,40116
76561198853637411,133,4101
76561199031674108,6,6184
76561198384542323,20,20917
76561199035436364,18,345
76561199024529738,50,1592
76561199003107996,29,504
76561199486964717,7,3243
76561199231530473,14,7439
76561198982839755,38,2994
76561198843981426,27,7426
76561199089366261,7,112726
76561198812667765,170,22655
76561199228865398,11,358
76561199488945713,3,1276
76561198999695971,13,56312
76561198048976084,4054,1324
76561198893223319,114,52009
76561199194347291,9,9768
76561198302547922,4,11400
76561198993298569,209,42120
76561199097348658,18,24530
76561199180745962,116,936
76561199137855099,68,3572
76561198295160399,94,2495
76561199187818158,101,5846
76561199424316569,17,1286
76561198246111790,208,3208
76561198973992624,27,15317
76561199250989965,3,942
76561198986618536,25,72925
76561199075276247,19,4397
76561197988683198,499,4938
76561199098360805,1,1078
76561199110655999,21,51805
76561198170165719,82,50727
76561199238155289,6,7121
76561199434239928,1,58135
76561199394777326,5,3559
76561198393106571,203,3708
76561198852840998,47,2089
76561199092534752,113,5242
76561199479999556,9,5744
76561199228133844,3,8878
76561199132049995,26,864
76561199406603786,46,819
76561198313796643,38,18447
76561198148129288,85,52613
76561199209450222,3,2376
76561198175613458,58,15617
76561198818390732,17,259
76561199168907832,27,2517
76561199444500951,4,1168
76561198861409727,10,4779
76561199383229829,28,1200
76561198817038524,27,5864
76561197988178269,53,3679
76561199230234093,4,6797
76561199405898297,4,17926
76561199192904834,3,3222
76561198991873895,32,1669
76561198297805226,20,10285
76561199195663628,54,12692
76561199041585398,38,2509
76561199485728540,9,3748
76561199405969558,2,4220
76561198253988942,32,32912
76561198364889791,62,5765
76561198130464634,38,28114
76561199438386868,3,6417
76561199064013460,18,32459
76561199251000995,33,8709
76561198046282245,124,8580
76561199008527190,26,5993
76561199176481602,321,595
76561198068087546,93,983
76561197971089738,735,66684
76561198069946041,674,18312
76561198963833065,30,1283
76561199057568141,15,48081
76561198886128278,108,17342
76561198953728152,12,2576
76561198929642443,70,23290
76561198434789001,241,3159
76561198391688591,33,2338
76561199237648398,37,4898
76561199052339052,7,1631
76561198132259766,8,35607
76561199130356062,6,5804
76561199485359768,6,1977
76561199215624013,19,7797
76561198299950696,8,6760
76561198798186907,137,56700
76561199121128526,24,8724
76561198813275463,13,40794
76561198880317316,62,3273
76561198867862451,47,9907
76561199283253846,7,2293
76561199479446667,36,5553
76561198316518449,13,6180
76561198001253610,611,9021
76561199184248608,8,62260
76561199199313085,18,2649
76561198054709749,150,27218
76561199078818921,28,3197
76561199096073467,11,2020
76561199213678595,3,2039
76561199208819690,13,5421
76561199022657271,144,10920
76561199118261893,0,3158
76561199082605917,15,747
76561199277889364,32,7238
76561198986334946,41,2561
76561199414011246,42,3695
76561199467458144,1,2509
76561199403882507,11,7260
76561199202965132,18,38336
76561198337906018,63,24922
76561198835994857,25,5078
76561199117973264,20,2995
76561198068589831,34,9769
76561198834951581,22,6749
76561199119682769,11,9555
76561199045114064,37,13620
76561198295429670,103,3088
76561197960769048,122,36255
76561198949021408,102,26399
76561198228708776,43,107
76561198449114992,49,19980
76561199225651100,97,558
76561198015087419,333,3860
76561199124020949,17,22716
76561198000399929,17,2888
76561199173377900,83,2344
76561198353741522,27,7166
76561199251364689,39,3620
76561198199137138,197,39552
76561199215644874,2,11944
76561199013882398,8,6915
76561199104397050,15,3544
76561199452433969,3,4707
76561198805836621,79,6989
76561199364220966,35,3484
76561199093042506,47,3788
76561198102920786,60,175
76561198218989097,28,29180
76561199199233548,42,15627
76561199051214585,14,8112
76561198242985258,87,46575
76561198425685670,22,7376
76561198975461383,47,11539
76561198992813285,12,3704
76561199024011000,147,6551
76561198986698375,34,14297
76561199340413439,35,25621
76561199063861224,23,11562
76561199208865904,14,12670
76561198802821160,84,24535
76561199178850668,1,435
76561198037962399,265,37077
76561198266375010,60,5954
76561199136111222,6,20185
76561198041353419,632,26001
76561199097374385,31,2768
76561199527604477,8,2103
76561199244251559,143,2825
76561197985351171,213,3009
76561198406066566,95,5408
76561199015399342,43,2518
76561198855384343,34,8976
76561199094971836,4,2225
76561198843909701,28,318
76561199137941661,21,8039
76561199229660555,42,16828
76561199446465369,28,1637
76561199360717498,3,3499
76561199061341298,36,18966
76561198092041855,20,23312
76561199169480055,7,7515
76561199125023307,8,1841
76561198150984908,171,26906
76561199193210010,8,976
76561199068483271,86,5093
76561199050467363,75,7022
76561198964741071,262,1932
76561199186234500,25,944
76561199522344764,2,1126
76561199229133326,3,61684
76561198850501583,33,14107
76561197991380872,1,2631
76561198295302870,59,4543
76561198989016877,5,1656
76561199050388907,57,17681
76561199253551521,2,6747
76561199202240771,50,1490
76561199066997895,28,1944
76561199214887190,13,5796
76561199405017462,2,11347
76561198329856144,524,4539
76561199124812525,2,7679
76561198292916619,23,30297
76561198892846554,34,16923
76561199239734408,8,12264
76561198859533964,65,1764
76561198401586887,71,32394
76561198056502494,903,5130
76561198820928794,587,4104
76561198084704392,227,12718
76561198799672656,29,9132
76561198203622753,8,4859
76561199092827033,70,775
76561198104993082,98,85007
76561199441679717,1,6644
76561198379683856,249,14970
76561199092653611,34,2690
76561198293174260,129,40281
76561199122248364,31,16909
76561199430258087,1,3472
76561199310419018,3,1078
76561199100975148,0,2681
76561199210488314,11,1167
76561199194170733,29,19148
76561199231869939,408,6382
76561199466729823,49,547
76561199057143973,19,27620
76561199163003915,17,8325
76561199522961064,10,2406
76561199094244822,32,255
76561199516058716,1,1124
76561199282228602,19,24226
76561198966431214,15,14821
76561199384493192,6,3873
76561199386814789,12,2634
76561198023366536,0,6374
76561199202112577,26,67765
76561199512235796,123,17121
76561199388634070,22,3570
76561198822105014,103,29669
76561198967192259,29,9781
76561198383085497,61,15643
76561198826553586,55,3818
76561198255598612,155,9903
76561198093705303,153,17209
76561199219489359,16,2385
76561198208571481,61,318
76561198051122957,4,480
76561199216305706,5,4227
76561198023630214,162,48557
76561198144102639,559,2094
76561198795658877,37,19172
76561199099229083,76,361
76561198064773583,193,12166
76561198862913342,60,18581
76561199051776448,44,714
76561199122928840,19,8683
76561199149829837,8,1794
76561198447283694,7,3483
76561198996109982,17,33056
76561198247969006,44,1365
76561198970044551,17,5403
76561199123312453,10,866
76561199004894670,12,465
76561199071082671,41,3391
76561199401358793,7,6481
76561198261179800,316,27380
76561199016502747,8,2294
76561198317342208,18,15842
76561199240412166,39,9110
76561198173960055,178,2409
76561199032214342,12,18074
76561199229111844,19,1404
76561198894989957,43,6708
76561199091268418,19,25513
76561198136077592,122,12120
76561199103434737,6,798
76561199001229356,14,3414
76561198386276533,120,5221
76561198115074385,194,6499
76561198328402667,62,14156
76561199139274763,109,12055
76561198827871203,43,15091
76561199084800095,74,3517
76561199437953679,14,6591
76561198972022659,122,2911
76561198358273938,113,5505
76561198330536687,0,2083
76561198373944302,25,4696
76561199469648869,12,46
76561198984027056,47,2353
76561199073964707,16,4582
76561198221889116,187,28844
76561199177662342,9,28050
76561199116754908,22,2277
76561198795470437,90,7993
76561199112004686,64,34386
76561199015472128,106,4743
76561198134519024,280,3675
76561198128220855,191,2486
76561199263336502,47,2376
76561198876069044,21,2054
76561199132363346,7,13322
76561199324419115,3,9028
76561199521912262,2,9792
76561199240558988,12,4357
76561198907877371,38,13483
76561199123861866,5,4161
76561199473567466,19,4577
76561198076189391,183,86207
76561198120214071,161,36471
76561198963754103,93,17770
76561198341669450,135,15163
76561198804312128,15,5267
76561198862684898,8,3585
76561199048893953,18,3543
76561199063098764,27,54373
76561199359096930,1,8748
76561198874689622,34,8466
76561199380176107,6,7333
76561198966990886,2,2705
76561199076766345,5,86271
76561198031982754,63,740
76561199487694686,18,8386
76561199147349933,11,13004
76561198393148918,14,46472
76561198118745987,81,4732
76561199019139976,3,2590
76561198212436540,101,4095
76561199551113939,2,929
76561199072973840,173,7204
76561199012858216,33,3168
76561199075944038,49,1425
76561198350760619,18,1145
76561199541264888,1,3751
76561198073815965,39,3799
76561199121852609,3,48752
76561199089906100,9,5518
76561199013224568,47,9589
76561199131281870,103,4717
76561198227486520,74,4829
76561198335818827,56,128847
76561198140068278,152,38006
76561199128144228,2,5782
76561198299463191,152,537
76561199173562804,13,492
76561199017786927,16,15212
76561198207147561,28,12595
76561199214857670,3,2196
76561199153462637,41,1231
76561198859528499,28,2748
76561199097114582,9,2916
76561199438478229,42,3683
76561198303431534,58,5998
76561199476120940,13,7762
76561199525278569,1,9200
76561199026517492,86,6352
76561198291645160,66,31617
76561198105663607,275,9622
76561198217450040,100,14635
76561199469490872,14,13849
76561198962347762,169,12421
76561199476557067,3,10103
76561199386965207,3,3470
76561199092091255,13,8680
76561199490924821,14,5919
76561199009592486,6,60462
76561198142709848,21,9927
76561199030426399,14,2768
76561199132280902,2,17575
76561199131440686,2,10719
76561198859971382,16,281
76561198989553363,8,598
76561199529130001,1,1856
76561199127412610,267,30587
76561199485856395,32,1401
76561198395429591,73,9722
76561199052036551,12,7367
76561199351771602,2,7990
76561199005001727,94,23039
76561197971252793,181,8652
76561199134212236,124,13095
76561199263812328,11,104911
76561197986886162,651,26582
76561199442355832,32,4035
76561199268778074,3,1727
76561199062994857,33,8121
76561198862300440,47,28455
76561199147771973,11,12404
76561198441130448,69,13289
76561198085244583,144,20321
76561199543855181,2,13078
76561198050682546,360,90545
76561199065761427,22,14016
76561199070334747,3,10378
76561198940822073,12,29607
76561198276383860,232,40006
76561198403835188,82,19230
76561199102214012,26,7873
76561199232540507,16,2610
